Region,Window,Start,End,Size,Protein Domain,Median Shannon Entropy,Mutations (%age) with percentage abundance >= 0.1,Mutations (%age) with percentage abundance >= 1,Mutations (freq) with percentage abundance >= 0.1,Mutations (freq) with percentage abundance >= 1,Sum of mutations frequency with percentage abundance >= 0.1,Sum of mutations frequency with percentage abundance >= 1,Total mutations with percentage abundance >= 0.1,Total mutations with percentage abundance >= 1
1,1,1,622,622,"5'UTR, Nsp1",7.69e-05,"C241T(98.916), G210T(55.523), T445C(2.413), G204T(1.358), G526T(1.093), C203T(0.932), C222T(0.928), C313T(0.808), G174T(0.741), C21T(0.603), TGT514-(0.320), C346T(0.299), C593T(0.288), C106T(0.284), C140T(0.277), TGGTCATGTTATGGT508-(0.273), C337T(0.273), C186T(0.269), C335T(0.269), -15C(0.227), GTTATG515-(0.225), GTCATGTTA510-(0.218), C583T(0.209), T209C(0.209), ATG518-(0.207), C100T(0.206), C193T(0.190), C66T(0.179), C601T(0.158), G613A(0.154), A382G(0.151), T201C(0.141), G347A(0.133), G219T(0.130), G529T(0.122), G61T(0.118), TTA516-(0.111), A439G(0.109), C556T(0.108), G564A(0.106), C233T(0.105), C449T(0.105), C292T(0.103), G376T(0.103)","C241T(98.916), G210T(55.523), T445C(2.413), G204T(1.358), G526T(1.093)","C241T(6323298), G210T(3549391), T445C(154271), G204T(86783), G526T(69886), C203T(59579), C222T(59334), C313T(51649), G174T(47361), C21T(38576), TGT514-(20470), C346T(19089), C593T(18410), C106T(18167), C140T(17720), TGGTCATGTTATGGT508-(17482), C337T(17468), C186T(17218), C335T(17212), -15C(14499), GTTATG515-(14373), GTCATGTTA510-(13937), C583T(13385), T209C(13332), ATG518-(13209), C100T(13154), C193T(12138), C66T(11453), C601T(10081), G613A(9813), A382G(9673), T201C(9036), G347A(8508), G219T(8293), G529T(7775), G61T(7537), TTA516-(7115), A439G(6991), C556T(6904), G564A(6801), C233T(6732), C449T(6730), C292T(6592), G376T(6591)","C241T(6323298), G210T(3549391), T445C(154271), G204T(86783), G526T(69886)",10848016,10183629,44,5
2,1,944,1026,83,Nsp2,1.75e-06,,,,,0,0,0,0
3,1,1478,1572,95,Nsp2,0.0262,"C1513T(0.200), C1514T(0.127), C1498T(0.112)",,"C1513T(12758), C1514T(8128), C1498T(7151)",,28037,0,3,0
4,1,1968,2188,221,Nsp2,0.000507,"C2110T(2.386), C2061T(0.686), T2083C(0.297), C2091T(0.192), C2037T(0.177), C2062T(0.169), C2113T(0.150), C2094T(0.125), C2106T(0.114), C1968T(0.100)",C2110T(2.386),"C2110T(152558), C2061T(43853), T2083C(18978), C2091T(12283), C2037T(11334), C2062T(10806), C2113T(9568), C2094T(7969), C2106T(7294), C1968T(6401)",C2110T(152558),281044,152558,10,1
5,1,2682,2800,119,"Nsp2, Nsp3",0.00919,"C2749T(1.612), C2790T(0.431), A2692T(0.367), T2746C(0.356), C2706T(0.343), C2710T(0.156), T2698C(0.154), G2782T(0.150), C2695T(0.145)",C2749T(1.612),"C2749T(103066), C2790T(27559), A2692T(23442), T2746C(22745), C2706T(21926), C2710T(9962), T2698C(9826), G2782T(9592), C2695T(9260)",C2749T(103066),237378,103066,9,1
6,1,3416,3597,182,Nsp3,5.24e-05,"A3536G(0.378), A3428G(0.185), G3433T(0.145), C3587T(0.127), G3431T(0.125), C3457T(0.120)",,"A3536G(24135), A3428G(11841), G3433T(9300), C3587T(8143), G3431T(7975), C3457T(7671)",,69065,0,6,0
7,1,4169,4232,64,Nsp3,3.01e-06,"G4181T(49.844), G4184A(0.427), T4183C(0.157), C4206T(0.154)",G4181T(49.844),"G4181T(3186311), G4184A(27267), T4183C(10027), C4206T(9873)",G4181T(3186311),3233478,3186311,4,1
8,1,4471,4713,243,Nsp3,0.000482,"C4543T(0.808), C4582T(0.305), T4579A(0.149), C4551T(0.146), C4683T(0.140), C4586T(0.126), G4510T(0.106), C4540T(0.101)",,"C4543T(51679), C4582T(19516), T4579A(9511), C4551T(9345), C4683T(8971), C4586T(8067), G4510T(6794), C4540T(6475)",,120358,0,8,0
9,1,4791,5162,372,Nsp3,0.000455,"C4927T(0.458), C4891T(0.415), C5144T(0.330), C4900T(0.263), C4965T(0.243), C4878T(0.208), A4838G(0.193), C4795T(0.171), C4999T(0.164), C4890T(0.163), G4975A(0.160), C4893T(0.147), C4832T(0.146), A4964G(0.140), C5055T(0.127), C5100T(0.126), C5025T(0.117), G5008T(0.116), C4897T(0.110), G5023T(0.105)",,"C4927T(29251), C4891T(26506), C5144T(21068), C4900T(16803), C4965T(15526), C4878T(13287), A4838G(12317), C4795T(10923), C4999T(10454), C4890T(10429), G4975A(10252), C4893T(9366), C4832T(9307), A4964G(8977), C5055T(8101), C5100T(8056), C5025T(7495), G5008T(7384), C4897T(7009), G5023T(6734)",,249245,0,20,0
10,1,5693,6013,321,Nsp3,0.00207,"C5986T(15.534), G5924A(1.855), C5944T(1.043), C5812T(0.507), C5730T(0.440), C5869T(0.421), C5784T(0.243), C5884T(0.207), C5826T(0.161), C5907T(0.142), A5991C(0.138), C5822T(0.122), C5806T(0.115)","C5986T(15.534), G5924A(1.855), C5944T(1.043)","C5986T(993055), G5924A(118562), C5944T(66659), C5812T(32414), C5730T(28126), C5869T(26908), C5784T(15517), C5884T(13220), C5826T(10280), C5907T(9095), A5991C(8804), C5822T(7792), C5806T(7375)","C5986T(993055), G5924A(118562), C5944T(66659)",1337807,1178276,13,3
11,1,6116,6549,434,Nsp3,0.000424,"C6402T(49.653), GTT6513-(9.949), C6286T(2.529), A6319G(1.564), C6408T(0.633), C6310T(0.484), C6539T(0.409), C6196T(0.302), C6285T(0.296), C6541T(0.210), G6421T(0.199), C6449T(0.163), C6401T(0.159), C6525T(0.156), C6312T(0.153), C6255T(0.137), C6336T(0.130), C6145T(0.125), A6441G(0.112), C6317T(0.111), C6433T(0.111), C6195T(0.106), C6354T(0.105), G6404T(0.102), G6352T(0.101)","C6402T(49.653), GTT6513-(9.949), C6286T(2.529), A6319G(1.564)","C6402T(3174108), GTT6513-(636029), C6286T(161690), A6319G(99965), C6408T(40482), C6310T(30930), C6539T(26164), C6196T(19274), C6285T(18891), C6541T(13447), G6421T(12701), C6449T(10413), C6401T(10157), C6525T(9942), C6312T(9792), C6255T(8752), C6336T(8280), C6145T(7995), A6441G(7179), C6317T(7102), C6433T(7099), C6195T(6760), C6354T(6699), G6404T(6534), G6352T(6477)","C6402T(3174108), GTT6513-(636029), C6286T(161690), A6319G(99965)",4346862,4071792,25,4
12,1,6786,6887,102,Nsp3,0.00488,"G6865T(0.150), C6883T(0.125), A6796G(0.119)",,"G6865T(9617), C6883T(8022), A6796G(7591)",,25230,0,3,0
13,1,7025,7072,48,Nsp3,0.00106,"G7042T(0.956), C7029T(0.116)",,"G7042T(61145), C7029T(7424)",,68569,0,2,0
14,2,7413,7518,106,Nsp3,0.000155,"C7420T(0.433), T7424G(0.121), C7482T(0.109)",,"C7420T(27696), T7424G(7735), C7482T(6946)",,42377,0,3,0
15,2,7717,8230,514,Nsp3,0.00129,"C7851T(14.318), C7926T(3.202), G8083A(0.721), C8047T(0.474), T7767C(0.469), C7768T(0.444), T7984C(0.443), C8140T(0.337), G7936T(0.267), C7764T(0.267), C7735T(0.233), C8208T(0.229), G7798T(0.220), C7945T(0.204), C7834T(0.199), C7765T(0.198), G8179T(0.185), G8017T(0.165), C7869T(0.158), C8092T(0.155), C8152T(0.149), C7749T(0.130), C7728T(0.120), C7732T(0.119), C8016T(0.119), C8139T(0.118), C8090T(0.109), C8106T(0.103)","C7851T(14.318), C7926T(3.202)","C7851T(915280), C7926T(204680), G8083A(46116), C8047T(30297), T7767C(30004), C7768T(28363), T7984C(28348), C8140T(21539), G7936T(17086), C7764T(17078), C7735T(14884), C8208T(14626), G7798T(14042), C7945T(13061), C7834T(12743), C7765T(12663), G8179T(11821), G8017T(10545), C7869T(10089), C8092T(9904), C8152T(9498), C7749T(8299), C7728T(7677), C7732T(7618), C8016T(7585), C8139T(7531), C8090T(6952), C8106T(6603)","C7851T(915280), C7926T(204680)",1524932,1119960,28,2
16,2,8350,8512,163,Nsp3,0.00049,"G8393A(10.027), C8389T(0.127), G8371T(0.127), A8512G(0.104)",G8393A(10.027),"G8393A(640994), C8389T(8095), G8371T(8089), A8512G(6640)",G8393A(640994),663818,640994,4,1
17,2,8702,8789,88,Nsp4,0.000645,"C8782T(0.286), C8752T(0.239), C8772T(0.119), C8733T(0.106), T8737C(0.103)",,"C8782T(18260), C8752T(15248), C8772T(7619), C8733T(6774), T8737C(6559)",,54460,0,5,0
18,2,9295,9398,104,Nsp4,0.0276,"C9344T(0.546), C9319T(0.191)",,"C9344T(34929), C9319T(12228)",,47157,0,2,0
19,2,9612,9886,275,Nsp4,0.017,"T9867C(0.913), C9866T(0.433), C9857T(0.399), C9693T(0.324), G9738C(0.294), T9678C(0.238), C9803T(0.230), A9749G(0.211), A9685G(0.191), G9802T(0.174), C9724T(0.129), C9745T(0.126), G9652T(0.119), G9805T(0.118)",,"T9867C(58381), C9866T(27677), C9857T(25538), C9693T(20737), G9738C(18767), T9678C(15215), C9803T(14695), A9749G(13468), A9685G(12226), G9802T(11123), C9724T(8274), C9745T(8023), G9652T(7639), G9805T(7552)",,249315,0,14,0
20,2,10129,10312,184,Nsp5,0.0003,"T10135C(1.318), C10198T(0.400), A10195G(0.365), C10279T(0.308), C10138T(0.286), C10156T(0.268), C10252T(0.198), C10228T(0.153), G10271A(0.117), C10277T(0.110)",T10135C(1.318),"T10135C(84283), C10198T(25585), A10195G(23356), C10279T(19709), C10138T(18255), C10156T(17131), C10252T(12642), C10228T(9801), G10271A(7449), C10277T(7054)",T10135C(84283),225265,84283,10,1
21,2,10630,10687,58,Nsp5,0.000353,"G10642T(0.231), C10641T(0.121), C10681T(0.103)",,"G10642T(14766), C10641T(7747), C10681T(6598)",,29111,0,3,0
22,2,10798,11039,242,"Nsp5, Nsp6",0.000767,"C10977T(0.848), G10870T(0.669), C10954T(0.398), C10833T(0.322), C11005A(0.287), C11020T(0.279), C10969T(0.151), C10993T(0.130), C10834T(0.124), A10829C(0.107)",,"C10977T(54239), G10870T(42757), C10954T(25444), C10833T(20571), C11005A(18362), C11020T(17839), C10969T(9637), C10993T(8307), C10834T(7910), A10829C(6847)",,211913,0,10,0
23,2,11221,11470,250,Nsp6,0.00234,"A11332G(49.823), TCTGGTTTT11288-(18.598), GTTTGTCTG11283-(9.888), T11418C(4.854), A11456G(1.974), G11417T(0.589), T11296G(0.377), G11291A(0.338), G11365T(0.322), C11455T(0.269), A11451G(0.269), G11335T(0.133), C11396T(0.131), G11401T(0.102)","A11332G(49.823), TCTGGTTTT11288-(18.598), GTTTGTCTG11283-(9.888), T11418C(4.854), A11456G(1.974)","A11332G(3184999), TCTGGTTTT11288-(1188877), GTTTGTCTG11283-(632119), T11418C(310270), A11456G(126214), G11417T(37645), T11296G(24080), G11291A(21594), G11365T(20561), C11455T(17226), A11451G(17202), G11335T(8533), C11396T(8388), G11401T(6537)","A11332G(3184999), TCTGGTTTT11288-(1188877), GTTTGTCTG11283-(632119), T11418C(310270), A11456G(126214)",5604245,5442479,14,5
24,2,11552,11908,357,"Nsp6, Nsp7",0.00209,"G11562T(1.835), C11750T(0.590), C11572T(0.455), C11747T(0.287), C11824T(0.274), A11595G(0.222), A11782G(0.220), C11758T(0.216), G11804A(0.208), C11620T(0.186), C11653T(0.180), C11575T(0.158), C11704T(0.144), C11674T(0.140), C11866T(0.108), C11767T(0.106)",G11562T(1.835),"G11562T(117336), C11750T(37728), C11572T(29055), C11747T(18357), C11824T(17543), A11595G(14164), A11782G(14081), C11758T(13799), G11804A(13325), C11620T(11922), C11653T(11513), C11575T(10105), C11704T(9219), C11674T(8920), C11866T(6899), C11767T(6796)",G11562T(117336),340762,117336,16,1
25,2,12230,12686,457,"Nsp8, Nsp9",0.00186,"C12525T(0.748), C12513T(0.343), C12439T(0.325), C12473T(0.247), C12400T(0.215), C12534T(0.180), C12651T(0.152), C12484T(0.130), C12459T(0.129), C12357T(0.113), G12685T(0.103)",,"C12525T(47800), C12513T(21927), C12439T(20785), C12473T(15800), C12400T(13750), C12534T(11514), C12651T(9713), C12484T(8291), C12459T(8235), C12357T(7252), G12685T(6587)",,171654,0,11,0
26,2,12895,13030,136,"Nsp9, Nsp10",0.0155,"C13019T(3.759), T12946C(0.997), C12970T(0.658), G12988T(0.376), C13011T(0.170)",C13019T(3.759),"C13019T(240270), T12946C(63714), C12970T(42043), G12988T(24015), C13011T(10856)",C13019T(240270),380898,240270,5,1
27,2,13594,13920,327,Nsp12,0.000739,"C13860T(1.689), G13713A(0.296), A13712G(0.287), C13665T(0.254), C13620T(0.146), G13812T(0.143), A13715G(0.143), C13730T(0.134), G13897T(0.124), G13617A(0.114)",C13860T(1.689),"C13860T(107950), G13713A(18894), A13712G(18340), C13665T(16212), C13620T(9317), G13812T(9157), A13715G(9111), C13730T(8564), G13897T(7957), G13617A(7292)",C13860T(107950),212794,107950,10,1
28,2,13993,14230,238,Nsp12,0.0119,"T14014G(3.158), C14120T(2.237), G14030A(0.626), G13993T(0.580), G14186T(0.223), C14220T(0.223), G14187A(0.218), C14184T(0.169), C13994T(0.164), C14178T(0.163), G14118T(0.110), G14209T(0.105)","T14014G(3.158), C14120T(2.237)","T14014G(201852), C14120T(142990), G14030A(40038), G13993T(37066), G14186T(14243), C14220T(14241), G14187A(13947), C14184T(10820), C13994T(10491), C14178T(10450), G14118T(7018), G14209T(6723)","T14014G(201852), C14120T(142990)",509879,344842,12,2
29,3,14444,14532,89,Nsp12,0.000427,"A14475G(0.342), G14511C(0.201), C14478T(0.142)",,"A14475G(21845), G14511C(12839), C14478T(9059)",,43743,0,3,0
30,3,14557,14641,85,Nsp12,1.05e-05,C14599T(0.390),,C14599T(24913),,24913,0,1,0
31,3,14973,15136,164,Nsp12,0.000907,"T15096C(3.064), C15026T(0.227), C15024T(0.102)",T15096C(3.064),"T15096C(195898), C15026T(14505), C15024T(6542)",T15096C(195898),216945,195898,3,1
32,3,15510,15608,99,Nsp12,0.000159,"T15521A(2.884), G15598A(0.356), C15569T(0.225), C15540T(0.206), C15579T(0.168), G15543T(0.114), A15596G(0.103)",T15521A(2.884),"T15521A(184372), G15598A(22751), C15569T(14369), C15540T(13155), C15579T(10764), G15543T(7269), A15596G(6602)",T15521A(184372),259282,184372,7,1
33,3,15767,16005,239,Nsp12,0.000429,"C15952A(3.886), G15906T(0.512), C15810T(0.328), C15960T(0.233), T15882G(0.209), C15925T(0.147), C15924T(0.116), C15848T(0.114), C15952T(0.113), T15849C(0.109), G15910T(0.101)",C15952A(3.886),"C15952A(248422), G15906T(32708), C15810T(20995), C15960T(14876), T15882G(13341), C15925T(9407), C15924T(7399), C15848T(7280), C15952T(7234), T15849C(6962), G15910T(6484)",C15952A(248422),375108,248422,11,1
34,3,16114,16260,147,"Nsp12, 13",0.00269,"T16176C(15.469), C16260T(0.253), T16242A(0.203), T16242G(0.176), C16173T(0.153)",T16176C(15.469),"T16176C(988866), C16260T(16149), T16242A(12957), T16242G(11277), C16173T(9790)",T16176C(988866),1039039,988866,5,1
35,3,17580,17677,98,Nsp13,0.000164,"A17615G(3.309), C17676T(0.236), G17658T(0.122)",A17615G(3.309),"A17615G(211544), C17676T(15066), G17658T(7791)",A17615G(211544),234401,211544,3,1
36,3,17854,17938,85,Nsp13,0.000609,,,,,0,0,0,0
37,3,19373,19550,178,Nsp14,0.0152,"C19524T(1.624), C19390T(0.518), G19542T(0.172), G19398T(0.152), C19374T(0.147)",C19524T(1.624),"C19524T(103809), C19390T(33088), G19542T(11004), G19398T(9706), C19374T(9384)",C19524T(103809),166991,103809,5,1
38,3,19665,19735,71,Nsp15,2.32e-05,"C19718T(0.226), G19684T(0.147), G19677T(0.141), G19735T(0.139)",,"C19718T(14421), G19684T(9376), G19677T(9020), G19735T(8863)",,41680,0,4,0
39,3,20248,20408,161,Nsp15,0.00772,"A20262G(1.683), A20268G(1.351), A20396G(0.360), C20320T(0.279), C20404T(0.278), G20275T(0.216), C20384T(0.130), C20402T(0.101)","A20262G(1.683), A20268G(1.351)","A20262G(107605), A20268G(86363), A20396G(22985), C20320T(17809), C20404T(17786), G20275T(13791), C20384T(8306), C20402T(6476)","A20262G(107605), A20268G(86363)",281121,193968,8,2
40,3,20668,20792,125,Nsp16,4.91e-06,"C20762T(0.311), G20679T(0.235), G20718T(0.226), C20703T(0.221), C20759T(0.172), C20719T(0.120)",,"C20762T(19874), G20679T(15044), G20718T(14431), C20703T(14140), C20759T(10995), C20719T(7689)",,82173,0,6,0
